{"count":1,"self":8287.230361599999,"total":12745.703603799999,"children":{"InitializeActuators":{"count":8,"self":0.00099739999999999985,"total":0.00099739999999999985,"children":null},"InitializeSensors":{"count":8,"self":0.0035072,"total":0.0035072,"children":null},"AgentSendState":{"count":3125667,"self":199.80053759999998,"total":299.21930069999996,"children":{"CollectObservations":{"count":5001072,"self":17.468227199999998,"total":17.4682265,"children":null},"WriteActionMask":{"count":5001072,"self":1.2652219999999998,"total":1.2652219999999998,"children":null},"RequestDecision":{"count":5001072,"self":10.5309568,"total":80.6853114,"children":{"AgentInfo.ToProto":{"count":5001072,"self":8.6895808,"total":70.1543548,"children":{"GenerateSensorData":{"count":5001072,"self":54.497567999999994,"total":61.4647741,"children":{"RayPerceptionSensor.Perceive":{"count":15003216,"self":6.9672031999999993,"total":6.9672034,"children":null}}}}}}}}},"DecideAction":{"count":3125667,"self":4070.0731392,"total":4070.0731257999996,"children":null},"AgentAct":{"count":3125667,"self":89.075583999999992,"total":89.174776999999992,"children":{"AgentInfo.ToProto":{"count":5000,"self":0.025078,"total":0.0991941,"children":{"GenerateSensorData":{"count":5000,"self":0.0668469,"total":0.07411609999999999,"children":{"RayPerceptionSensor.Perceive":{"count":15000,"self":0.0072692,"total":0.0072692,"children":null}}}}}}}},"gauges":{"Hummingbird.CumulativeReward":{"count":5000,"max":62.7432175,"min":-19.5,"runningAverage":28.27781,"value":50.0476036,"weightedAverage":43.363678}},"metadata":{"timer_format_version":"0.1.0","start_time_seconds":"1705743958","unity_version":"2022.3.11f1","command_line_arguments":"G:\\Unitycrap\\2022.3.11f1\\Editor\\Unity.exe -projectpath G:\\mlagents_test\\My project (1) -useHub -hubIPC -cloudEnvironment production -licensingIpc LicenseClient-Admin -hubSessionId 369f2e80-279a-403e-8842-72f15e2a63c9 -accessToken WMG5sFwmySKkcNoH5YZDbH9Z28aX4X9oIAfSXJEHaKk011f","communication_protocol_version":"1.5.0","com.unity.ml-agents_version":"2.0.1","scene_name":"Training","end_time_seconds":"1705756703"}}